dat;abe;max;min;fec;vol
02/01/2009;8.38000;8.71000;8.34000;8.57000;3077
05/01/2009;8.57000;8.91000;8.38000;8.73000;4127
06/01/2009;8.84000;9.27000;8.67000;9.21000;4461
07/01/2009;9.08000;9.11000;8.82000;9.00000;2113
08/01/2009;8.87000;8.96000;8.61000;8.80000;4832
09/01/2009;9.14000;9.41000;8.85000;9.07000;8697
12/01/2009;8.94000;9.20000;8.89000;9.00000;5287
13/01/2009;8.85000;9.00000;8.64000;8.64000;6651
14/01/2009;8.68000;8.69000;8.02000;8.06000;5906
15/01/2009;8.10000;8.58000;7.91000;8.57000;6939
16/01/2009;8.72000;8.84000;8.22000;8.22000;4753
19/01/2009;8.39000;8.41000;8.20000;8.25000;2877
20/01/2009;8.22000;8.39000;7.67000;7.68000;6001
21/01/2009;7.85000;7.97000;7.60000;7.85000;5518
22/01/2009;8.00000;8.00000;7.52000;7.74000;6246
23/01/2009;7.59000;7.84000;7.41000;7.60000;5287
26/01/2009;7.71000;8.09000;7.68000;8.06000;5659
27/01/2009;8.00000;8.28000;7.94000;8.20000;3516
28/01/2009;8.45000;8.52000;8.34000;8.40000;4135
29/01/2009;8.22000;8.30000;8.05000;8.08000;3460
30/01/2009;8.06000;8.20000;8.02000;8.11000;3067
02/02/2009;7.94000;8.05000;7.85000;7.86000;3076
03/02/2009;7.94000;8.21000;7.89000;8.10000;3529
04/02/2009;8.14000;8.31000;7.94000;7.97000;4777
05/02/2009;7.97000;8.26000;7.94000;8.22000;3706
06/02/2009;8.29000;8.37000;8.16000;8.33000;7089
09/02/2009;8.20000;8.38000;8.14000;8.17000;4035
10/02/2009;8.24000;8.38000;8.00000;8.08000;4306
11/02/2009;8.16000;8.27000;8.04000;8.18000;3171
12/02/2009;8.02000;8.17000;7.91000;7.97000;3871
13/02/2009;8.20000;8.22000;8.10000;8.13000;3270
16/02/2009;8.05000;8.14000;8.02000;8.08000;1682
17/02/2009;7.91000;7.98000;7.80000;7.80000;3308
18/02/2009;7.80000;7.90000;7.69000;7.72000;4905
19/02/2009;8.12000;8.12000;7.86000;7.88000;4661
20/02/2009;7.75000;8.00000;7.66000;7.97000;3270
25/02/2009;7.93000;8.20000;7.78000;8.12000;2415
26/02/2009;8.24000;8.38000;8.13000;8.18000;4604
27/02/2009;8.01000;8.14000;7.96000;8.09000;2510
02/03/2009;7.90000;8.04000;7.60000;7.65000;5141
03/03/2009;7.75000;7.92000;7.59000;7.76000;4366
04/03/2009;8.00000;8.14000;7.90000;8.09000;3658
05/03/2009;7.89000;7.98000;7.72000;7.78000;3566
06/03/2009;7.80000;8.04000;7.72000;7.93000;3327
09/03/2009;7.77000;8.11000;7.74000;7.86000;2118
10/03/2009;7.97000;8.20000;7.95000;8.20000;3378
11/03/2009;8.27000;8.35000;8.16000;8.25000;2792
12/03/2009;8.21000;8.50000;8.18000;8.35000;4548
13/03/2009;8.48000;8.60000;8.36000;8.52000;2724
16/03/2009;8.59000;8.66000;8.37000;8.50000;3287
17/03/2009;8.44000;8.75000;8.41000;8.75000;3893
18/03/2009;8.64000;9.14000;8.64000;9.06000;4581
19/03/2009;9.20000;9.41000;9.15000;9.23000;6703
20/03/2009;9.18000;9.31000;8.97000;9.06000;4902
23/03/2009;9.36000;9.70000;9.25000;9.70000;6425
24/03/2009;9.60000;9.66000;9.36000;9.44000;3048
25/03/2009;9.40000;9.80000;9.38000;9.45000;5582
26/03/2009;9.57000;9.88000;9.47000;9.76000;4418
27/03/2009;9.57000;10.04000;9.57000;10.04000;3866
30/03/2009;9.75000;9.95000;9.69000;9.86000;3676
31/03/2009;9.99000;10.26000;9.92000;9.96000;4438
01/04/2009;9.86000;10.51000;9.86000;10.49000;5429
02/04/2009;10.63000;11.09000;10.63000;10.77000;8039
03/04/2009;10.77000;11.28000;10.77000;11.28000;6278
06/04/2009;11.22000;11.43000;10.87000;11.22000;4938
07/04/2009;11.06000;11.39000;10.90000;11.16000;4460
08/04/2009;10.81000;11.03000;10.15000;10.25000;17441
09/04/2009;10.48000;10.48000;9.75000;9.96000;17054
13/04/2009;9.97000;10.09000;9.76000;9.98000;6558
14/04/2009;10.04000;10.33000;10.00000;10.12000;8356
15/04/2009;10.16000;10.34000;10.11000;10.34000;4743
16/04/2009;10.50000;10.84000;10.40000;10.84000;6715
17/04/2009;10.84000;10.94000;10.78000;10.87000;4016
20/04/2009;10.57000;10.84000;10.52000;10.63000;3761
22/04/2009;10.63000;10.82000;10.51000;10.51000;8637
23/04/2009;10.64000;11.05000;10.60000;11.00000;5743
24/04/2009;11.02000;11.21000;10.99000;10.99000;4174
27/04/2009;10.91000;11.28000;10.66000;10.70000;4584
28/04/2009;10.70000;11.02000;10.69000;10.84000;4723
29/04/2009;11.02000;11.33000;11.02000;11.28000;5876
30/04/2009;11.46000;11.51000;10.90000;10.90000;4690
04/05/2009;11.28000;11.45000;11.22000;11.42000;5257
05/05/2009;11.34000;11.65000;11.34000;11.55000;3401
06/05/2009;11.67000;12.70000;11.67000;12.44000;6754
07/05/2009;12.55000;12.58000;11.81000;11.81000;4456
08/05/2009;12.34000;12.37000;11.90000;12.01000;3127
11/05/2009;11.87000;12.07000;11.67000;12.03000;2899
12/05/2009;12.11000;12.23000;11.72000;11.75000;4513
13/05/2009;11.52000;11.67000;11.35000;11.43000;3470
14/05/2009;11.41000;11.94000;11.10000;11.93000;4334
15/05/2009;11.94000;11.96000;11.71000;11.71000;1744
18/05/2009;11.87000;12.46000;11.87000;12.32000;3384
19/05/2009;12.40000;12.78000;12.19000;12.49000;4943
20/05/2009;12.52000;12.85000;12.16000;12.25000;4664
21/05/2009;11.93000;12.13000;11.88000;12.08000;3825
22/05/2009;12.25000;12.28000;11.84000;11.99000;4437
25/05/2009;12.06000;12.15000;11.96000;11.99000;1141
26/05/2009;12.00000;12.52000;11.90000;12.48000;3316
27/05/2009;12.54000;12.76000;12.32000;12.46000;3468
28/05/2009;12.59000;12.86000;12.52000;12.79000;2958
29/05/2009;12.85000;12.96000;12.56000;12.56000;2404
01/06/2009;12.82000;12.94000;12.67000;12.80000;4447
02/06/2009;12.75000;13.43000;12.59000;13.11000;6346
03/06/2009;13.05000;13.21000;12.69000;12.69000;5595
04/06/2009;12.89000;13.31000;12.49000;13.26000;3881
05/06/2009;13.42000;13.53000;12.76000;12.94000;4514
08/06/2009;12.84000;13.23000;12.80000;13.17000;1986
09/06/2009;13.17000;13.29000;12.92000;12.97000;2867
10/06/2009;13.14000;13.18000;12.89000;13.08000;3163
12/06/2009;13.11000;13.23000;12.92000;13.11000;3061
15/06/2009;13.01000;13.08000;12.47000;12.70000;5077
16/06/2009;12.85000;13.01000;12.46000;12.46000;2766
17/06/2009;12.34000;12.46000;12.10000;12.43000;4569
18/06/2009;12.46000;12.56000;12.16000;12.16000;2518
19/06/2009;12.28000;12.87000;12.28000;12.46000;2781
22/06/2009;12.37000;12.46000;12.08000;12.12000;2560
23/06/2009;12.15000;12.34000;12.07000;12.13000;3900
24/06/2009;12.31000;12.36000;11.97000;12.00000;3408
25/06/2009;11.98000;12.75000;11.98000;12.75000;4311
26/06/2009;12.75000;12.87000;12.56000;12.69000;2453
29/06/2009;12.85000;12.92000;12.67000;12.76000;2823
30/06/2009;12.81000;12.91000;12.58000;12.68000;3441
01/07/2009;12.75000;12.91000;12.73000;12.78000;4116
02/07/2009;12.60000;13.09000;12.60000;13.05000;6221
03/07/2009;13.00000;13.11000;12.97000;13.05000;1964
06/07/2009;12.86000;13.11000;12.76000;13.11000;2846
07/07/2009;13.00000;13.03000;12.81000;12.98000;2932
08/07/2009;12.79000;12.99000;12.31000;12.57000;5121
10/07/2009;12.61000;12.73000;12.19000;12.33000;3634
13/07/2009;12.40000;12.73000;12.12000;12.33000;4984
14/07/2009;12.47000;12.47000;12.04000;12.33000;3093
15/07/2009;12.54000;13.04000;12.53000;12.89000;6106
16/07/2009;12.81000;13.06000;12.71000;12.89000;3813
17/07/2009;12.88000;12.97000;12.81000;12.93000;2940
20/07/2009;12.99000;13.19000;12.91000;13.14000;3865
21/07/2009;13.23000;13.33000;13.09000;13.30000;3857
22/07/2009;13.11000;13.50000;13.11000;13.25000;3847
23/07/2009;13.35000;13.76000;13.26000;13.59000;5642
24/07/2009;13.53000;13.95000;13.52000;13.89000;4295
27/07/2009;13.89000;14.00000;13.63000;13.95000;3072
28/07/2009;13.74000;14.10000;13.68000;14.10000;3646
29/07/2009;13.86000;13.89000;13.60000;13.86000;4640
30/07/2009;14.05000;14.41000;14.04000;14.23000;3321
31/07/2009;14.18000;14.41000;14.05000;14.15000;3380
03/08/2009;14.24000;14.44000;14.23000;14.42000;2981
04/08/2009;14.30000;14.71000;14.28000;14.71000;4006
05/08/2009;14.71000;15.26000;14.63000;15.20000;5519
06/08/2009;15.15000;15.22000;14.59000;14.61000;4806
07/08/2009;14.77000;14.94000;14.67000;14.67000;6357
10/08/2009;14.70000;14.76000;14.57000;14.73000;3403
11/08/2009;14.61000;14.80000;14.46000;14.79000;4426
12/08/2009;14.72000;14.89000;14.61000;14.87000;4801
13/08/2009;15.26000;15.56000;15.02000;15.22000;8381
14/08/2009;15.35000;15.36000;14.90000;15.15000;5773
17/08/2009;14.85000;14.87000;14.65000;14.71000;4591
18/08/2009;14.63000;15.14000;14.63000;15.05000;3667
19/08/2009;14.82000;15.45000;14.78000;15.26000;4140
20/08/2009;15.23000;15.54000;15.17000;15.47000;3629
21/08/2009;15.55000;15.66000;15.33000;15.47000;4085
24/08/2009;15.46000;15.69000;15.38000;15.48000;2881
25/08/2009;15.55000;15.72000;15.50000;15.64000;4610
26/08/2009;15.64000;15.87000;15.58000;15.87000;3833
27/08/2009;15.87000;16.16000;15.50000;15.99000;3336
28/08/2009;16.04000;16.23000;15.96000;16.06000;3707
31/08/2009;15.90000;15.98000;15.78000;15.78000;3731
01/09/2009;15.80000;16.14000;15.54000;15.54000;4716
02/09/2009;15.57000;15.83000;15.39000;15.39000;5503
03/09/2009;15.49000;15.56000;15.33000;15.55000;4826
04/09/2009;15.65000;16.14000;15.56000;16.02000;4851
08/09/2009;16.11000;16.28000;16.11000;16.28000;3111
09/09/2009;16.28000;16.59000;16.28000;16.56000;4679
10/09/2009;16.44000;16.78000;16.37000;16.71000;4081
11/09/2009;16.77000;16.98000;16.63000;16.63000;4438
14/09/2009;16.60000;17.07000;16.59000;17.01000;4714
15/09/2009;17.03000;17.44000;17.03000;17.40000;5399
16/09/2009;17.44000;17.83000;17.44000;17.65000;6353
17/09/2009;17.65000;18.37000;17.59000;17.86000;8133
18/09/2009;17.92000;18.03000;17.77000;17.99000;6871
21/09/2009;17.71000;17.91000;17.62000;17.80000;4276
22/09/2009;17.97000;18.25000;17.86000;18.15000;3678
23/09/2009;18.13000;18.15000;17.77000;17.77000;5257
24/09/2009;17.83000;18.07000;17.50000;17.67000;5518
25/09/2009;17.64000;17.97000;17.64000;17.93000;3297
28/09/2009;17.99000;18.27000;17.93000;18.22000;2824
29/09/2009;18.17000;18.58000;18.17000;18.56000;5798
30/09/2009;18.70000;19.49000;18.63000;18.96000;5769
01/10/2009;18.85000;19.19000;18.58000;18.61000;4979
02/10/2009;18.47000;18.87000;18.19000;18.41000;8048
05/10/2009;18.62000;18.75000;18.41000;18.73000;6421
06/10/2009;19.13000;19.13000;18.22000;18.49000;5783
07/10/2009;18.48000;18.54000;18.03000;18.03000;6721
08/10/2009;18.27000;18.42000;18.22000;18.37000;4405
09/10/2009;18.39000;18.77000;18.24000;18.75000;5023
13/10/2009;18.75000;19.07000;18.58000;19.07000;7427
14/10/2009;19.33000;19.67000;19.21000;19.67000;10591
15/10/2009;19.43000;19.63000;19.16000;19.46000;6307
16/10/2009;19.15000;19.16000;18.85000;18.97000;7848
19/10/2009;18.98000;19.13000;18.78000;19.06000;4462
20/10/2009;18.49000;18.70000;17.99000;18.48000;8155
21/10/2009;18.25000;18.89000;18.25000;18.49000;5568
22/10/2009;18.67000;19.04000;18.39000;18.85000;3469
23/10/2009;19.03000;19.09000;18.36000;18.46000;3979
26/10/2009;18.53000;18.61000;18.15000;18.26000;3895
27/10/2009;18.44000;18.50000;17.67000;17.67000;7494
28/10/2009;17.70000;17.83000;16.41000;16.46000;10287
29/10/2009;16.88000;17.82000;16.67000;17.70000;6029
30/10/2009;17.91000;18.06000;16.79000;17.13000;5585
03/11/2009;17.12000;17.82000;16.85000;17.66000;5530
04/11/2009;17.88000;18.25000;17.63000;18.19000;4721
05/11/2009;18.16000;18.31000;17.91000;18.19000;3980
06/11/2009;18.17000;18.26000;17.73000;18.00000;2292
09/11/2009;18.29000;18.78000;18.25000;18.76000;4302
10/11/2009;18.73000;18.97000;18.55000;18.97000;4181
11/11/2009;18.99000;19.29000;18.68000;18.90000;4455
12/11/2009;19.18000;19.43000;18.84000;18.87000;9806
13/11/2009;19.12000;19.51000;18.72000;19.51000;5450
16/11/2009;19.51000;19.55000;19.33000;19.45000;3550
17/11/2009;19.39000;19.50000;19.22000;19.45000;3395
18/11/2009;19.44000;19.51000;18.83000;18.84000;4702
19/11/2009;18.69000;18.83000;18.54000;18.69000;4058
23/11/2009;18.99000;19.08000;18.66000;18.83000;5174
24/11/2009;18.76000;18.87000;18.29000;18.78000;8964
25/11/2009;18.72000;18.87000;18.70000;18.80000;4238
26/11/2009;18.50000;18.64000;18.26000;18.41000;4529
27/11/2009;18.27000;18.77000;18.12000;18.77000;3639
30/11/2009;18.63000;18.92000;18.38000;18.84000;9105
01/12/2009;18.90000;19.02000;18.74000;18.74000;6589
02/12/2009;18.90000;18.99000;18.52000;18.54000;6468
03/12/2009;18.66000;18.90000;18.57000;18.60000;4584
04/12/2009;18.58000;18.87000;18.44000;18.48000;3998
07/12/2009;18.57000;18.99000;18.48000;18.96000;3981
08/12/2009;18.75000;18.88000;18.60000;18.84000;4124
09/12/2009;18.85000;19.12000;18.58000;18.70000;6218
10/12/2009;18.87000;18.87000;18.69000;18.71000;5351
11/12/2009;18.84000;18.93000;18.69000;18.77000;5936
14/12/2009;18.89000;18.99000;18.75000;18.90000;5787
15/12/2009;18.86000;18.99000;18.76000;18.90000;4154
16/12/2009;18.96000;19.10000;18.69000;18.69000;5873
17/12/2009;18.69000;18.69000;17.87000;17.96000;7368
18/12/2009;18.06000;18.26000;17.88000;18.05000;3152
21/12/2009;18.18000;18.21000;17.80000;17.80000;3052
22/12/2009;18.05000;18.10000;17.65000;17.77000;3748
23/12/2009;17.87000;17.99000;17.60000;17.81000;4451
28/12/2009;17.98000;17.99000;17.74000;17.81000;1875
29/12/2009;17.83000;17.92000;17.70000;17.77000;2254
30/12/2009;17.71000;18.23000;17.71000;18.23000;2985
04/01/2010;18.29000;18.41000;18.23000;18.35000;5198
05/01/2010;18.47000;18.47000;17.92000;18.17000;6554
06/01/2010;18.10000;18.41000;18.06000;18.19000;6640
07/01/2010;18.07000;18.24000;18.05000;18.20000;4221
08/01/2010;18.23000;18.30000;18.09000;18.30000;5042
11/01/2010;18.40000;18.46000;18.18000;18.44000;4766
12/01/2010;18.32000;18.69000;18.24000;18.29000;4343
13/01/2010;18.41000;18.59000;18.11000;18.52000;4679
14/01/2010;18.38000;18.47000;18.14000;18.26000;4053
15/01/2010;18.20000;18.38000;17.86000;17.95000;2928
18/01/2010;18.11000;18.13000;17.96000;17.96000;1969
19/01/2010;17.88000;18.33000;17.82000;18.26000;4225
20/01/2010;18.11000;18.18000;17.09000;17.71000;6595
21/01/2010;17.80000;17.82000;17.10000;17.43000;7771
22/01/2010;17.15000;17.62000;17.15000;17.52000;4954
26/01/2010;17.19000;17.31000;16.89000;17.04000;8084
27/01/2010;17.01000;17.19000;16.70000;16.91000;6124
28/01/2010;17.12000;17.18000;16.65000;16.94000;5204
29/01/2010;17.01000;17.47000;16.98000;17.25000;4883
01/02/2010;17.41000;18.43000;17.40000;18.41000;13324
02/02/2010;18.52000;18.87000;18.31000;18.78000;12363
03/02/2010;18.55000;18.72000;18.20000;18.32000;4549
04/02/2010;18.17000;18.19000;17.55000;17.98000;4822
05/02/2010;17.71000;17.92000;16.76000;17.12000;6949
08/02/2010;17.01000;17.44000;17.01000;17.34000;5940
09/02/2010;17.55000;18.78000;17.53000;18.20000;7158
10/02/2010;18.44000;18.67000;18.11000;18.66000;7562
11/02/2010;18.51000;19.13000;18.41000;19.04000;5730
12/02/2010;18.84000;18.89000;18.38000;18.72000;5814
17/02/2010;18.97000;19.11000;18.65000;18.65000;5111
18/02/2010;18.68000;18.86000;18.58000;18.81000;3392
19/02/2010;18.65000;19.02000;18.51000;18.85000;6011
22/02/2010;18.94000;18.99000;18.72000;18.78000;3162
23/02/2010;18.60000;18.75000;18.43000;18.52000;6240
24/02/2010;18.48000;18.69000;18.38000;18.69000;4174
25/02/2010;18.32000;18.51000;18.18000;18.41000;6224
26/02/2010;18.57000;18.70000;18.24000;18.56000;5600
01/03/2010;18.64000;18.75000;18.46000;18.71000;6256
02/03/2010;18.73000;18.82000;18.47000;18.47000;9368
03/03/2010;18.52000;18.67000;18.24000;18.34000;4813
04/03/2010;18.44000;18.46000;18.14000;18.33000;4267
05/03/2010;18.52000;18.64000;18.41000;18.58000;4726
08/03/2010;18.67000;18.69000;18.32000;18.32000;2981
09/03/2010;18.26000;18.75000;18.25000;18.64000;4884
10/03/2010;18.71000;18.87000;18.67000;18.83000;5207
11/03/2010;18.71000;18.92000;18.62000;18.81000;2366
12/03/2010;18.97000;19.00000;18.64000;18.64000;3595
15/03/2010;18.61000;18.81000;18.56000;18.71000;3126
16/03/2010;18.71000;18.94000;18.70000;18.86000;2716
17/03/2010;18.95000;19.06000;18.62000;18.76000;3729
18/03/2010;18.69000;18.77000;18.46000;18.61000;3448
19/03/2010;18.59000;18.67000;18.33000;18.39000;5267
22/03/2010;18.32000;18.69000;18.22000;18.47000;3899
23/03/2010;18.52000;18.55000;18.32000;18.39000;2486
24/03/2010;18.21000;18.53000;18.21000;18.39000;3253
25/03/2010;18.57000;18.67000;18.41000;18.46000;4616
26/03/2010;18.45000;18.69000;18.43000;18.56000;3403
29/03/2010;18.63000;18.78000;18.59000;18.68000;3963
30/03/2010;18.74000;18.79000;18.63000;18.66000;2812
31/03/2010;18.50000;18.74000;18.50000;18.74000;6192
01/04/2010;18.75000;18.89000;18.53000;18.71000;4370
05/04/2010;18.78000;18.90000;18.71000;18.84000;3352
06/04/2010;18.69000;18.90000;18.69000;18.86000;3309
07/04/2010;18.75000;18.96000;18.68000;18.83000;5310
08/04/2010;18.68000;19.38000;18.66000;19.32000;6574
09/04/2010;19.35000;19.53000;19.17000;19.47000;5726
12/04/2010;19.40000;19.66000;19.39000;19.53000;6886
13/04/2010;19.53000;19.59000;19.22000;19.37000;3887
14/04/2010;19.09000;19.27000;18.81000;19.18000;8077
15/04/2010;19.00000;19.45000;19.00000;19.40000;5603
16/04/2010;19.22000;19.40000;19.06000;19.15000;6361
19/04/2010;19.14000;19.28000;18.83000;18.93000;4026
20/04/2010;19.00000;19.09000;18.72000;18.80000;4092
22/04/2010;18.68000;18.70000;18.40000;18.63000;4664
23/04/2010;18.54000;18.80000;18.46000;18.74000;4596
26/04/2010;18.83000;18.93000;18.61000;18.73000;3084
27/04/2010;18.62000;18.72000;18.09000;18.12000;6500
28/04/2010;18.36000;18.52000;18.14000;18.49000;5846
29/04/2010;18.47000;18.93000;18.42000;18.84000;4763
30/04/2010;18.76000;19.09000;18.59000;18.83000;6220
03/05/2010;18.68000;18.85000;18.53000;18.53000;5774
04/05/2010;18.43000;18.47000;17.59000;17.62000;10219
05/05/2010;17.58000;18.07000;17.46000;17.73000;5629
06/05/2010;17.70000;17.83000;16.89000;17.46000;8333
07/05/2010;17.53000;17.58000;16.57000;17.34000;6214
10/05/2010;17.92000;18.15000;17.75000;17.90000;4120
11/05/2010;17.64000;17.89000;17.49000;17.52000;4463
12/05/2010;17.65000;17.72000;17.36000;17.50000;5826
13/05/2010;17.69000;17.76000;17.28000;17.28000;3030
14/05/2010;17.23000;17.26000;16.74000;16.74000;6236
17/05/2010;16.74000;17.08000;16.58000;17.08000;5093
18/05/2010;17.27000;17.42000;16.68000;16.89000;5827
19/05/2010;16.69000;16.74000;15.95000;16.30000;7156
20/05/2010;16.01000;16.11000;15.71000;15.89000;4776
21/05/2010;15.82000;16.45000;15.73000;16.44000;5010
24/05/2010;16.45000;16.63000;16.16000;16.30000;3115
25/05/2010;15.94000;16.27000;15.76000;16.27000;6814
26/05/2010;16.42000;16.81000;16.12000;16.45000;10155
27/05/2010;16.61000;17.07000;16.58000;16.86000;6712
28/05/2010;16.80000;16.81000;16.38000;16.51000;4368
31/05/2010;16.58000;16.65000;16.47000;16.56000;3384
01/06/2010;16.39000;16.98000;16.33000;16.37000;4038
02/06/2010;16.42000;17.24000;16.42000;17.03000;3981
04/06/2010;16.89000;17.15000;16.69000;17.11000;8771
07/06/2010;17.15000;17.30000;16.71000;16.83000;7281
08/06/2010;16.93000;17.11000;16.78000;16.93000;5743
09/06/2010;17.02000;17.10000;16.68000;16.74000;2710
10/06/2010;16.80000;17.16000;16.80000;17.06000;3176
11/06/2010;16.93000;17.23000;16.83000;17.15000;3621
14/06/2010;17.28000;17.62000;17.16000;17.53000;5994
15/06/2010;17.53000;17.62000;17.27000;17.35000;3763
16/06/2010;17.24000;17.67000;17.21000;17.46000;5257
17/06/2010;17.53000;17.68000;17.36000;17.37000;3298
18/06/2010;17.40000;17.53000;17.25000;17.35000;6250
21/06/2010;17.48000;18.02000;17.48000;17.97000;9449
22/06/2010;17.93000;18.33000;17.88000;18.01000;6436
23/06/2010;17.98000;18.14000;17.50000;17.67000;6410
24/06/2010;17.64000;17.86000;17.26000;17.45000;6807
25/06/2010;17.40000;17.64000;17.25000;17.28000;4912
28/06/2010;17.34000;17.41000;16.96000;16.96000;7213
29/06/2010;16.64000;16.74000;16.19000;16.26000;8577
30/06/2010;16.39000;16.64000;15.68000;15.72000;11718
01/07/2010;16.42000;17.03000;16.14000;16.68000;21692
02/07/2010;16.57000;17.08000;16.42000;16.90000;16627
05/07/2010;16.77000;17.05000;16.67000;16.77000;10069
06/07/2010;17.05000;17.18000;16.90000;17.18000;9585
07/07/2010;17.13000;17.81000;16.99000;17.69000;13597
08/07/2010;17.60000;17.95000;17.50000;17.65000;12507
12/07/2010;17.50000;18.08000;17.50000;17.72000;12870
13/07/2010;17.79000;18.27000;17.76000;18.13000;18634
14/07/2010;18.11000;18.20000;17.71000;18.04000;9387
15/07/2010;17.98000;18.32000;17.79000;18.32000;8052
16/07/2010;18.23000;18.29000;17.56000;17.79000;7541
19/07/2010;17.86000;18.04000;17.71000;17.98000;6159
20/07/2010;17.81000;18.08000;17.69000;17.92000;7997
21/07/2010;17.95000;18.11000;17.86000;18.02000;7225
22/07/2010;18.17000;18.68000;18.11000;18.54000;9858
23/07/2010;18.49000;18.80000;18.39000;18.80000;4982
26/07/2010;18.58000;18.88000;18.34000;18.52000;7786
27/07/2010;18.67000;18.71000;18.15000;18.30000;7228
28/07/2010;18.38000;19.06000;18.13000;19.06000;13167
29/07/2010;19.02000;19.25000;18.85000;19.06000;8057
30/07/2010;18.94000;19.59000;18.75000;19.47000;7834
02/08/2010;19.45000;19.75000;19.35000;19.42000;8150
03/08/2010;19.25000;19.40000;18.87000;18.87000;6739
04/08/2010;18.94000;19.02000;18.62000;18.68000;5734
05/08/2010;18.59000;19.13000;18.51000;19.13000;5343
06/08/2010;19.00000;19.34000;18.91000;19.34000;6698
09/08/2010;19.29000;19.83000;19.29000;19.57000;9336
10/08/2010;19.38000;19.55000;19.24000;19.32000;6680
11/08/2010;19.07000;19.18000;18.81000;18.94000;7808
12/08/2010;18.81000;19.35000;18.65000;19.35000;8114
13/08/2010;19.22000;19.57000;19.19000;19.41000;9633
16/08/2010;19.56000;19.76000;19.18000;19.32000;6057
17/08/2010;19.39000;19.39000;19.09000;19.22000;8865
18/08/2010;19.20000;19.21000;18.97000;19.08000;8678
19/08/2010;18.94000;19.23000;18.70000;18.75000;6451
20/08/2010;18.63000;19.07000;18.63000;19.03000;5362
23/08/2010;19.01000;19.06000;18.76000;18.88000;5342
24/08/2010;18.66000;18.71000;18.34000;18.62000;10430
25/08/2010;18.46000;18.65000;18.36000;18.62000;5082
26/08/2010;18.65000;18.67000;17.97000;18.11000;9202
27/08/2010;18.08000;18.14000;17.85000;18.14000;14917
30/08/2010;18.24000;18.24000;17.61000;17.78000;16699
31/08/2010;17.78000;18.29000;17.74000;18.29000;7618
01/09/2010;18.36000;18.91000;18.30000;18.91000;8589
02/09/2010;18.88000;18.88000;18.50000;18.59000;7407
03/09/2010;18.77000;18.79000;18.21000;18.29000;6609
06/09/2010;18.27000;18.33000;18.02000;18.13000;2199
08/09/2010;18.11000;18.27000;17.98000;18.15000;7753
09/09/2010;18.27000;18.29000;18.10000;18.15000;4666
10/09/2010;18.10000;18.23000;17.92000;17.98000;4382
13/09/2010;18.24000;18.63000;18.08000;18.62000;9703
14/09/2010;18.62000;18.95000;18.56000;18.85000;8388
15/09/2010;18.75000;19.05000;18.72000;19.01000;5975
16/09/2010;18.87000;19.01000;18.79000;18.94000;4803
17/09/2010;18.89000;18.92000;18.65000;18.72000;9331
20/09/2010;18.72000;19.13000;18.72000;19.13000;4512
21/09/2010;19.08000;19.26000;18.97000;19.26000;10981
22/09/2010;19.14000;19.53000;19.14000;19.52000;13947
23/09/2010;19.45000;20.19000;19.45000;20.03000;17611
24/09/2010;19.97000;20.24000;19.55000;19.61000;12447
27/09/2010;19.71000;20.13000;19.41000;20.00000;10910
28/09/2010;20.09000;20.21000;19.77000;20.06000;9060
29/09/2010;20.04000;20.53000;20.00000;20.44000;11575
30/09/2010;20.45000;20.79000;20.29000;20.79000;11040
01/10/2010;20.84000;21.23000;20.63000;21.18000;10205
04/10/2010;21.03000;21.39000;20.96000;21.29000;7269
05/10/2010;21.24000;21.55000;21.19000;21.47000;9462
06/10/2010;21.32000;21.45000;21.13000;21.39000;12340
07/10/2010;21.29000;21.39000;20.97000;21.10000;8514
08/10/2010;20.98000;21.65000;20.98000;21.52000;7884
11/10/2010;21.52000;21.71000;21.21000;21.62000;6473
13/10/2010;21.74000;22.64000;21.73000;22.55000;26588
14/10/2010;22.45000;22.59000;21.82000;22.22000;13169
15/10/2010;22.10000;22.52000;21.93000;22.52000;8837
18/10/2010;22.33000;22.38000;22.08000;22.33000;7364
19/10/2010;21.89000;22.22000;21.56000;21.95000;9613
20/10/2010;21.87000;22.31000;21.75000;22.26000;7318
21/10/2010;22.14000;22.52000;21.58000;21.69000;8392
22/10/2010;21.85000;21.89000;21.61000;21.73000;6054
25/10/2010;21.84000;22.00000;21.65000;21.84000;8492
26/10/2010;21.63000;22.21000;21.57000;22.07000;10540
27/10/2010;22.00000;22.01000;21.63000;21.91000;11259
28/10/2010;21.95000;22.09000;21.58000;21.58000;8104
29/10/2010;21.62000;21.79000;21.23000;21.42000;12787
01/11/2010;21.51000;22.09000;21.44000;21.80000;8279
03/11/2010;22.00000;22.39000;21.95000;22.07000;7866
04/11/2010;22.17000;22.64000;22.17000;22.64000;10598
05/11/2010;22.20000;22.55000;22.20000;22.54000;5935
08/11/2010;22.21000;22.44000;22.13000;22.44000;6075
09/11/2010;22.26000;22.36000;21.83000;21.90000;10970
10/11/2010;21.79000;22.17000;21.71000;21.88000;6982
11/11/2010;21.75000;21.86000;21.47000;21.82000;6348
12/11/2010;21.62000;22.12000;21.51000;21.91000;11022
16/11/2010;22.07000;22.28000;21.63000;21.94000;14768
17/11/2010;21.85000;22.19000;21.71000;21.87000;8611
18/11/2010;22.08000;22.31000;22.01000;22.16000;9651
19/11/2010;21.96000;22.20000;21.71000;22.20000;6265
22/11/2010;22.00000;22.05000;21.57000;21.87000;5825
23/11/2010;21.54000;21.61000;20.71000;20.98000;13311
24/11/2010;21.22000;21.56000;21.13000;21.26000;12348
25/11/2010;21.34000;21.58000;21.13000;21.38000;4302
26/11/2010;21.15000;21.59000;21.06000;21.39000;6451
29/11/2010;21.22000;21.61000;21.15000;21.56000;6718
30/11/2010;21.39000;21.45000;21.10000;21.38000;14076
01/12/2010;21.55000;22.04000;21.45000;21.95000;13856
02/12/2010;22.03000;22.25000;21.77000;21.77000;10963
03/12/2010;21.51000;21.54000;21.07000;21.19000;11970
06/12/2010;21.19000;21.21000;20.76000;20.76000;11397
07/12/2010;20.95000;21.11000;20.72000;20.72000;8638
08/12/2010;20.70000;20.80000;20.28000;20.41000;15337
09/12/2010;20.44000;20.57000;19.85000;20.15000;17168
10/12/2010;20.22000;20.32000;19.66000;20.05000;12159
13/12/2010;20.15000;20.39000;19.84000;20.26000;9290
14/12/2010;20.22000;20.35000;20.07000;20.25000;6759
15/12/2010;20.11000;20.28000;20.02000;20.18000;6611
16/12/2010;20.19000;20.37000;19.89000;19.98000;13969
17/12/2010;19.85000;20.11000;19.74000;19.90000;7516
20/12/2010;19.94000;19.96000;19.50000;19.53000;6988
21/12/2010;19.67000;20.04000;19.56000;19.85000;8969
22/12/2010;19.82000;20.09000;19.67000;20.08000;9510
23/12/2010;20.10000;20.54000;20.01000;20.33000;9016
27/12/2010;20.24000;20.34000;20.05000;20.20000;4551
28/12/2010;20.20000;20.26000;19.84000;20.17000;4125
29/12/2010;20.14000;20.43000;20.01000;20.30000;6606
30/12/2010;20.41000;20.58000;20.26000;20.58000;7885
03/01/2011;20.63000;20.83000;20.55000;20.57000;8158
04/01/2011;20.63000;20.82000;20.39000;20.65000;7792
05/01/2011;20.57000;21.02000;20.51000;20.95000;7182
06/01/2011;20.86000;21.05000;20.62000;20.76000;7620
07/01/2011;20.66000;20.76000;20.11000;20.27000;7098
10/01/2011;20.05000;20.30000;19.92000;20.30000;7397
11/01/2011;20.43000;20.61000;20.39000;20.55000;6386
12/01/2011;20.73000;20.95000;20.68000;20.91000;7714
13/01/2011;20.96000;20.96000;20.63000;20.70000;5523
14/01/2011;20.58000;20.81000;20.42000;20.81000;7316
17/01/2011;20.65000;20.70000;20.40000;20.57000;3580
18/01/2011;20.68000;20.69000;20.46000;20.66000;6951
19/01/2011;20.63000;20.74000;20.24000;20.37000;8447
20/01/2011;20.22000;20.23000;19.94000;20.23000;14798
21/01/2011;20.17000;20.36000;20.07000;20.14000;7333
24/01/2011;20.16000;20.39000;20.15000;20.32000;6907
26/01/2011;20.30000;20.60000;20.20000;20.30000;9744
27/01/2011;20.38000;20.46000;19.77000;20.30000;10043
28/01/2011;20.30000;20.35000;19.39000;19.88000;12741
31/01/2011;19.97000;20.05000;19.45000;19.49000;15782
01/02/2011;19.63000;19.86000;19.50000;19.58000;10433
02/02/2011;19.65000;19.81000;19.35000;19.37000;9033
03/02/2011;19.43000;19.48000;19.16000;19.16000;8960
04/02/2011;19.12000;19.22000;18.36000;18.40000;21748
07/02/2011;18.57000;18.60000;18.34000;18.52000;8078
08/02/2011;18.50000;19.32000;18.47000;18.86000;15976
09/02/2011;18.82000;18.93000;18.29000;18.39000;9457
10/02/2011;18.42000;18.67000;18.37000;18.50000;10354
11/02/2011;18.51000;19.45000;18.44000;19.37000;11226
14/02/2011;19.24000;19.58000;19.15000;19.50000;9899
15/02/2011;19.39000;20.04000;19.18000;19.91000;14567
16/02/2011;19.98000;20.70000;19.89000;20.58000;20736
17/02/2011;20.83000;20.96000;20.24000;20.45000;19532
18/02/2011;20.30000;20.45000;20.11000;20.39000;13284
21/02/2011;20.30000;20.36000;20.01000;20.08000;6551
22/02/2011;19.94000;20.03000;19.28000;19.43000;18857
23/02/2011;19.42000;19.53000;19.05000;19.47000;14172
24/02/2011;19.66000;19.83000;19.26000;19.40000;11519
25/02/2011;19.59000;19.69000;19.03000;19.31000;11356
28/02/2011;19.37000;19.73000;19.21000;19.70000;12843
01/03/2011;19.74000;19.80000;19.14000;19.17000;10588
02/03/2011;19.17000;19.72000;19.07000;19.32000;8226
03/03/2011;19.47000;19.70000;19.39000;19.56000;5987
04/03/2011;19.43000;19.74000;19.41000;19.61000;8193
09/03/2011;19.46000;19.46000;19.02000;19.10000;10033
10/03/2011;18.88000;18.90000;18.41000;18.55000;13393
11/03/2011;18.54000;18.78000;18.37000;18.66000;12438
14/03/2011;18.54000;18.95000;18.49000;18.87000;7560
15/03/2011;18.45000;19.10000;18.28000;19.09000;9546
16/03/2011;19.10000;19.20000;18.47000;18.64000;10657
17/03/2011;18.86000;18.92000;18.47000;18.60000;6621
18/03/2011;18.71000;19.02000;18.70000;18.87000;8564
21/03/2011;19.06000;19.15000;18.67000;18.90000;5224
22/03/2011;18.94000;19.33000;18.81000;19.20000;12439
23/03/2011;19.17000;19.31000;19.07000;19.27000;10259
24/03/2011;19.29000;19.39000;19.14000;19.17000;6183
25/03/2011;19.23000;19.25000;18.95000;19.07000;7604
28/03/2011;19.07000;19.25000;18.87000;18.95000;8330
29/03/2011;19.11000;19.11000;18.80000;18.85000;10169
30/03/2011;18.95000;19.26000;18.85000;19.26000;9762
31/03/2011;19.26000;19.74000;19.11000;19.74000;13557
01/04/2011;19.87000;20.36000;19.84000;20.03000;19202
04/04/2011;19.91000;20.03000;19.72000;19.97000;9047
05/04/2011;19.84000;20.00000;19.77000;19.86000;7634
06/04/2011;19.96000;19.97000;19.75000;19.91000;8803
07/04/2011;19.87000;20.12000;19.74000;19.87000;8102
08/04/2011;19.77000;19.90000;19.49000;19.63000;8724
11/04/2011;19.59000;19.71000;19.29000;19.37000;6986
12/04/2011;19.24000;19.31000;18.74000;18.95000;13071
13/04/2011;19.13000;19.13000;18.79000;19.03000;9722
14/04/2011;18.94000;19.20000;18.85000;18.89000;8020
15/04/2011;18.94000;18.98000;18.57000;18.61000;11798
18/04/2011;18.46000;18.63000;18.11000;18.60000;9929
19/04/2011;18.71000;18.91000;18.64000;18.81000;8355
20/04/2011;18.97000;19.39000;18.93000;19.39000;11607
25/04/2011;19.32000;19.45000;19.11000;19.37000;6167
26/04/2011;19.51000;19.71000;19.39000;19.64000;15037
27/04/2011;19.61000;19.73000;19.23000;19.64000;12072
28/04/2011;19.41000;19.50000;18.92000;19.17000;9399
29/04/2011;19.14000;19.42000;18.99000;19.37000;8098
02/05/2011;19.24000;19.41000;18.97000;19.30000;7643
03/05/2011;19.11000;19.17000;18.62000;18.77000;7016
04/05/2011;18.87000;18.96000;18.34000;18.40000;17223
05/05/2011;18.34000;18.70000;18.16000;18.46000;12169
06/05/2011;18.77000;18.95000;18.50000;18.95000;15780
09/05/2011;18.91000;19.09000;18.70000;19.03000;11760
10/05/2011;19.21000;19.47000;19.14000;19.47000;9469
11/05/2011;19.27000;19.42000;19.21000;19.41000;10737
12/05/2011;19.17000;19.67000;19.14000;19.57000;13527
13/05/2011;19.50000;19.51000;18.93000;18.99000;10951
16/05/2011;18.84000;18.99000;18.45000;18.64000;10571
17/05/2011;18.62000;18.79000;18.26000;18.71000;12063
18/05/2011;18.79000;18.81000;18.18000;18.22000;9910
19/05/2011;18.33000;18.44000;17.96000;18.20000;10176
20/05/2011;18.32000;18.37000;18.12000;18.14000;6218
23/05/2011;17.98000;18.37000;17.85000;18.23000;5550
24/05/2011;18.32000;18.55000;18.26000;18.50000;6194
25/05/2011;18.36000;18.48000;18.26000;18.31000;5890
26/05/2011;18.39000;18.88000;18.39000;18.88000;8591
27/05/2011;18.98000;19.12000;18.88000;19.07000;8290
30/05/2011;19.14000;19.14000;18.84000;19.02000;2057
31/05/2011;19.11000;19.21000;18.63000;18.85000;16614
01/06/2011;18.69000;18.79000;18.36000;18.55000;13085
02/06/2011;18.56000;18.61000;18.09000;18.41000;14752
03/06/2011;18.30000;18.67000;18.14000;18.41000;12467
06/06/2011;18.48000;18.53000;18.24000;18.37000;11551
07/06/2011;18.43000;18.78000;18.43000;18.69000;9177
08/06/2011;18.59000;18.72000;18.46000;18.65000;10389
09/06/2011;18.57000;18.68000;18.36000;18.51000;6848
10/06/2011;18.43000;18.49000;18.20000;18.21000;7009
13/06/2011;18.22000;18.51000;18.22000;18.39000;5933
14/06/2011;18.48000;18.57000;18.37000;18.57000;6436
15/06/2011;18.45000;18.57000;18.33000;18.55000;11364
16/06/2011;18.38000;18.61000;18.10000;18.18000;9574
17/06/2011;18.35000;18.38000;17.90000;18.18000;9331
20/06/2011;18.07000;18.36000;17.95000;18.31000;7609
21/06/2011;18.35000;18.35000;18.16000;18.18000;6512
22/06/2011;18.24000;18.66000;18.19000;18.50000;10681
24/06/2011;18.45000;18.50000;18.22000;18.29000;8650
27/06/2011;18.32000;18.46000;18.16000;18.20000;6768
28/06/2011;18.28000;18.62000;18.20000;18.60000;10476
29/06/2011;18.66000;18.93000;18.54000;18.87000;6662
30/06/2011;18.92000;19.00000;18.77000;19.00000;5808
01/07/2011;18.93000;19.08000;18.60000;19.08000;7960
04/07/2011;19.01000;19.29000;18.94000;19.29000;3562
05/07/2011;19.24000;19.25000;18.99000;19.20000;5889
06/07/2011;19.00000;19.11000;18.73000;19.03000;6377
07/07/2011;19.20000;19.21000;18.46000;18.52000;9790
08/07/2011;18.37000;18.46000;18.00000;18.01000;8788
11/07/2011;17.81000;17.81000;17.38000;17.51000;7546
12/07/2011;17.51000;17.84000;17.30000;17.54000;13283
13/07/2011;17.66000;18.19000;17.52000;17.95000;11252
14/07/2011;17.88000;18.08000;17.41000;17.63000;8992
15/07/2011;17.66000;17.72000;17.30000;17.49000;7064
18/07/2011;17.31000;17.36000;16.84000;17.02000;9088
19/07/2011;17.17000;17.49000;17.06000;17.40000;11175
20/07/2011;17.44000;17.82000;17.44000;17.76000;12902
21/07/2011;17.81000;18.33000;17.78000;18.20000;10872
22/07/2011;18.22000;18.57000;18.20000;18.37000;9154
25/07/2011;18.18000;18.18000;17.72000;17.97000;8472
26/07/2011;17.90000;17.97000;17.52000;17.60000;13604
27/07/2011;17.31000;17.58000;16.98000;17.19000;17193
28/07/2011;17.17000;17.49000;17.11000;17.47000;14212
29/07/2011;17.23000;17.88000;17.13000;17.84000;12823
01/08/2011;18.06000;18.29000;17.50000;17.93000;10946
02/08/2011;17.72000;17.82000;17.15000;17.34000;11492
03/08/2011;17.30000;17.40000;16.93000;17.13000;13756
04/08/2011;16.85000;17.00000;15.82000;16.28000;15111
05/08/2011;16.28000;16.62000;15.82000;16.28000;16244
08/08/2011;15.61000;15.76000;14.32000;15.35000;25070
09/08/2011;15.95000;16.45000;15.47000;16.45000;39170
10/08/2011;16.27000;16.60000;15.90000;16.15000;17085
11/08/2011;16.34000;16.73000;16.21000;16.47000;17533
12/08/2011;16.63000;16.90000;16.30000;16.56000;13974
15/08/2011;16.69000;16.95000;16.66000;16.80000;10156
16/08/2011;16.49000;16.96000;16.36000;16.96000;13595
17/08/2011;16.97000;17.64000;16.97000;17.55000;19069
18/08/2011;17.11000;17.17000;16.54000;17.10000;15161
19/08/2011;16.87000;17.24000;16.82000;17.17000;11951
22/08/2011;17.49000;17.60000;16.92000;17.09000;10994
23/08/2011;17.21000;17.55000;16.63000;17.55000;11928
24/08/2011;17.45000;17.93000;17.21000;17.61000;12126
25/08/2011;17.52000;18.08000;17.26000;17.52000;9938
26/08/2011;17.45000;17.79000;17.13000;17.41000;8098
29/08/2011;17.64000;17.95000;17.59000;17.80000;8383
30/08/2011;17.69000;18.06000;17.60000;17.93000;7590
31/08/2011;18.06000;18.29000;17.97000;18.29000;9323
01/09/2011;18.69000;19.76000;18.69000;19.40000;24106
02/09/2011;19.10000;19.12000;18.60000;18.91000;12501
05/09/2011;18.42000;18.45000;18.23000;18.26000;6782
06/09/2011;17.94000;18.74000;17.88000;18.56000;10025
08/09/2011;18.82000;19.16000;18.75000;18.97000;12348
09/09/2011;18.75000;18.78000;18.14000;18.21000;11346
12/09/2011;17.79000;18.06000;17.47000;17.86000;10971
13/09/2011;18.02000;18.12000;17.54000;17.79000;10320
14/09/2011;17.88000;18.04000;17.52000;17.82000;10099
15/09/2011;18.04000;18.31000;17.82000;17.93000;8884
16/09/2011;17.89000;18.27000;17.89000;18.21000;10219
19/09/2011;17.86000;18.03000;17.69000;17.91000;10880
20/09/2011;17.99000;17.99000;17.52000;17.59000;11005
21/09/2011;17.68000;17.76000;17.11000;17.18000;15385
22/09/2011;16.62000;16.85000;16.25000;16.72000;16653
23/09/2011;16.62000;16.89000;16.34000;16.55000;13157
26/09/2011;16.75000;16.84000;16.20000;16.73000;10911
27/09/2011;17.03000;17.48000;16.98000;17.09000;12700
28/09/2011;17.11000;17.56000;17.03000;17.03000;11011
29/09/2011;17.18000;17.43000;17.00000;17.23000;9327
30/09/2011;16.90000;17.20000;16.43000;17.20000;10674
03/10/2011;16.94000;17.03000;16.56000;16.57000;13385
04/10/2011;16.48000;16.51000;15.78000;16.31000;19491
05/10/2011;16.22000;16.48000;15.96000;16.34000;13139
06/10/2011;16.60000;16.65000;16.36000;16.41000;12979
07/10/2011;16.58000;16.70000;15.92000;15.92000;10838
10/10/2011;16.10000;16.85000;16.10000;16.73000;16485
11/10/2011;16.55000;16.71000;16.10000;16.17000;25699
13/10/2011;16.32000;16.58000;15.96000;16.30000;27485
14/10/2011;16.37000;16.46000;16.17000;16.40000;12651
17/10/2011;16.30000;16.31000;16.03000;16.23000;7345
18/10/2011;16.17000;16.66000;16.02000;16.62000;12373
19/10/2011;16.66000;16.79000;16.54000;16.68000;11946
20/10/2011;16.62000;16.86000;16.44000;16.48000;11480
21/10/2011;16.65000;16.82000;16.58000;16.82000;9575
24/10/2011;16.89000;17.36000;16.89000;17.22000;10901
25/10/2011;17.09000;17.19000;16.57000;16.77000;17397
26/10/2011;16.89000;17.12000;16.58000;17.07000;13377
27/10/2011;17.80000;18.10000;17.61000;17.93000;23056
28/10/2011;17.79000;18.21000;17.67000;18.07000;11752
31/10/2011;17.75000;18.17000;17.61000;17.93000;16229
01/11/2011;17.34000;17.93000;17.17000;17.86000;14602
03/11/2011;17.93000;18.00000;17.38000;17.47000;19199
04/11/2011;17.45000;17.55000;17.21000;17.52000;7951
07/11/2011;17.52000;17.69000;17.46000;17.64000;8116
08/11/2011;17.67000;17.76000;17.41000;17.59000;7831
09/11/2011;17.31000;17.45000;16.84000;17.11000;15975
10/11/2011;17.21000;17.40000;16.87000;16.93000;7828
11/11/2011;17.18000;17.22000;16.92000;16.94000;13550
14/11/2011;17.03000;17.72000;17.02000;17.52000;13797
16/11/2011;17.51000;17.81000;17.43000;17.55000;11133
17/11/2011;17.44000;17.58000;16.96000;17.16000;11682
18/11/2011;17.31000;17.37000;16.74000;16.88000;10257
21/11/2011;16.69000;16.84000;16.38000;16.84000;10037
22/11/2011;16.92000;17.02000;16.48000;16.56000;9542
23/11/2011;16.36000;16.49000;16.05000;16.15000;10319
24/11/2011;16.29000;16.37000;16.01000;16.20000;5400
25/11/2011;16.11000;16.27000;16.04000;16.12000;6742
28/11/2011;16.39000;16.59000;16.39000;16.43000;9174
29/11/2011;16.39000;16.53000;16.08000;16.15000;11517
30/11/2011;16.40000;16.88000;16.37000;16.84000;18465
01/12/2011;17.05000;17.64000;17.05000;17.55000;16931
02/12/2011;17.68000;17.80000;17.15000;17.32000;15604
05/12/2011;17.14000;17.33000;16.77000;16.82000;22357
06/12/2011;16.81000;17.05000;16.70000;16.99000;14618
07/12/2011;16.91000;16.95000;16.47000;16.56000;16812
08/12/2011;16.66000;16.88000;16.22000;16.48000;17586
09/12/2011;16.50000;16.84000;16.37000;16.84000;13600
12/12/2011;16.62000;16.70000;16.31000;16.38000;15911
13/12/2011;16.53000;16.74000;16.33000;16.43000;11721
14/12/2011;16.40000;16.56000;16.10000;16.22000;19865
15/12/2011;16.33000;16.40000;15.91000;16.04000;15547
16/12/2011;16.20000;16.20000;15.80000;15.80000;14480
19/12/2011;15.88000;16.03000;15.65000;15.65000;9538
20/12/2011;15.80000;15.97000;15.69000;15.95000;10586
21/12/2011;15.91000;16.38000;15.87000;16.30000;9891
22/12/2011;16.34000;16.88000;16.34000;16.78000;12480
23/12/2011;16.87000;16.90000;16.66000;16.86000;6392
26/12/2011;16.76000;16.88000;16.71000;16.83000;4292
27/12/2011;16.80000;17.00000;16.74000;16.94000;6143
28/12/2011;16.85000;16.97000;16.45000;16.53000;8765
29/12/2011;16.69000;16.73000;16.55000;16.69000;4444
02/01/2012;16.83000;17.11000;16.66000;17.11000;6306
03/01/2012;17.08000;17.22000;16.94000;17.03000;13427
04/01/2012;16.87000;17.05000;16.77000;16.95000;11092
05/01/2012;16.83000;16.95000;16.58000;16.77000;12182
06/01/2012;16.83000;16.95000;16.29000;16.35000;18162
09/01/2012;16.54000;16.54000;16.21000;16.48000;17563
10/01/2012;16.68000;16.84000;16.56000;16.83000;10283
11/01/2012;16.82000;17.17000;16.75000;17.08000;9327
12/01/2012;17.12000;17.33000;16.98000;17.23000;12778
13/01/2012;17.19000;17.41000;17.00000;17.40000;17000
16/01/2012;17.35000;17.46000;17.19000;17.40000;9433
17/01/2012;17.40000;17.61000;17.37000;17.52000;13244
18/01/2012;17.50000;18.17000;17.49000;18.14000;19395
19/01/2012;18.00000;18.24000;17.73000;18.17000;19519
20/01/2012;18.07000;18.50000;18.03000;18.38000;15510
23/01/2012;18.31000;18.38000;17.90000;18.38000;14250
24/01/2012;18.23000;18.43000;17.98000;18.31000;12188
26/01/2012;18.50000;18.84000;18.45000;18.72000;16695
27/01/2012;18.88000;19.15000;18.70000;19.05000;15557
30/01/2012;18.84000;19.28000;18.75000;19.28000;16669
31/01/2012;19.30000;19.36000;18.91000;19.15000;18715
01/02/2012;19.31000;19.51000;19.18000;19.36000;17439
02/02/2012;19.23000;19.48000;18.97000;19.30000;12791
03/02/2012;19.05000;19.46000;18.93000;19.23000;15351
06/02/2012;19.10000;19.22000;18.92000;19.12000;14214
07/02/2012;18.95000;19.25000;18.94000;19.19000;10685
08/02/2012;19.23000;19.48000;19.12000;19.30000;16752
09/02/2012;19.17000;19.40000;18.81000;18.87000;13678
10/02/2012;18.56000;18.60000;18.19000;18.37000;16072
13/02/2012;18.63000;18.67000;18.29000;18.59000;14711
14/02/2012;18.98000;19.36000;18.91000;19.35000;21115
15/02/2012;19.58000;20.00000;19.55000;19.72000;27432
16/02/2012;19.38000;20.41000;19.38000;20.26000;21393
17/02/2012;20.39000;20.43000;19.62000;19.72000;16369
22/02/2012;19.79000;19.91000;19.73000;19.84000;10451
23/02/2012;19.63000;19.82000;19.52000;19.66000;13842
24/02/2012;19.66000;19.70000;19.17000;19.37000;22612
27/02/2012;19.13000;19.33000;18.96000;19.13000;14480
28/02/2012;19.13000;19.59000;19.13000;19.53000;16946
29/02/2012;19.64000;19.90000;19.52000;19.59000;13485
01/03/2012;19.68000;20.03000;19.62000;19.88000;15076
02/03/2012;19.98000;20.31000;19.96000;20.26000;9349
05/03/2012;20.05000;20.32000;20.00000;20.30000;10462
06/03/2012;19.96000;20.05000;19.73000;19.94000;10327
07/03/2012;20.12000;20.37000;19.95000;20.22000;11228
08/03/2012;20.44000;20.66000;20.23000;20.28000;14152
09/03/2012;20.40000;20.69000;20.35000;20.35000;10764
12/03/2012;20.20000;20.47000;20.01000;20.44000;11925
13/03/2012;20.54000;20.98000;20.44000;20.98000;14771
14/03/2012;20.85000;21.10000;20.30000;20.54000;16496
15/03/2012;20.32000;20.44000;20.10000;20.26000;11517
16/03/2012;20.39000;20.65000;20.37000;20.46000;8916
19/03/2012;20.44000;20.49000;20.16000;20.36000;5974
20/03/2012;20.15000;20.30000;20.05000;20.30000;8964
21/03/2012;20.15000;20.40000;19.91000;19.94000;14524
22/03/2012;19.86000;19.89000;19.15000;19.30000;17368
23/03/2012;19.46000;19.51000;19.06000;19.15000;14810
26/03/2012;19.33000;19.71000;19.31000;19.63000;14145
27/03/2012;19.66000;19.83000;19.49000;19.57000;6680
28/03/2012;19.38000;19.59000;19.10000;19.29000;11346
29/03/2012;19.16000;19.16000;18.71000;18.88000;15425
30/03/2012;18.99000;19.16000;18.37000;18.59000;22328
02/04/2012;18.66000;18.68000;18.27000;18.52000;15566
03/04/2012;18.55000;18.82000;18.28000;18.42000;10300
04/04/2012;18.30000;18.43000;17.15000;17.34000;21227
05/04/2012;17.55000;17.62000;16.76000;17.29000;22865
09/04/2012;17.06000;17.37000;16.78000;17.25000;11518
10/04/2012;17.29000;17.58000;17.05000;17.36000;17324
11/04/2012;17.62000;17.77000;17.44000;17.62000;14285
12/04/2012;17.69000;18.04000;17.63000;18.04000;10326
13/04/2012;17.87000;17.87000;17.41000;17.55000;13486
16/04/2012;17.72000;17.75000;17.09000;17.13000;10471
17/04/2012;17.05000;17.10000;16.73000;16.75000;19313
18/04/2012;16.76000;17.03000;16.48000;17.02000;20742
19/04/2012;17.01000;17.25000;16.80000;17.07000;7489
20/04/2012;17.14000;17.44000;17.14000;17.26000;7907
23/04/2012;16.91000;17.16000;16.83000;17.03000;10600
24/04/2012;17.09000;17.17000;16.78000;16.91000;8962
25/04/2012;16.82000;16.98000;16.34000;16.50000;13768
26/04/2012;16.38000;16.73000;16.26000;16.66000;8822
27/04/2012;16.71000;16.86000;16.56000;16.86000;8022
30/04/2012;16.80000;16.97000;16.63000;16.89000;5544
02/05/2012;16.88000;16.97000;16.31000;16.43000;15236
03/05/2012;16.55000;16.65000;15.99000;16.19000;15562
04/05/2012;16.12000;16.66000;16.00000;16.23000;21863
07/05/2012;16.33000;16.55000;16.23000;16.38000;13173
08/05/2012;16.29000;16.53000;16.06000;16.42000;15366
09/05/2012;16.28000;16.33000;15.87000;16.01000;16932
10/05/2012;16.23000;16.48000;15.94000;16.00000;13338
11/05/2012;15.88000;16.30000;15.85000;16.00000;9755
14/05/2012;15.68000;15.79000;15.28000;15.31000;19029
15/05/2012;15.27000;15.28000;14.66000;14.75000;19344
16/05/2012;14.90000;15.08000;14.44000;14.66000;16490
17/05/2012;14.66000;14.78000;13.83000;13.94000;18130
18/05/2012;14.14000;14.59000;13.93000;14.48000;18706
21/05/2012;14.71000;15.53000;14.59000;15.36000;14752
22/05/2012;15.42000;15.87000;15.31000;15.38000;17659
23/05/2012;15.31000;15.33000;14.17000;14.74000;24523
24/05/2012;14.95000;15.20000;14.37000;14.82000;20643
25/05/2012;14.66000;15.15000;14.66000;14.95000;12624
28/05/2012;15.17000;15.20000;14.73000;14.81000;7270
29/05/2012;14.81000;15.10000;14.57000;14.62000;13270
30/05/2012;14.36000;14.47000;14.16000;14.31000;14663
31/05/2012;14.44000;14.44000;13.99000;14.37000;13202
01/06/2012;13.98000;14.50000;13.95000;14.34000;13298
04/06/2012;14.24000;14.32000;13.85000;13.85000;12791
05/06/2012;13.99000;14.12000;13.51000;13.51000;12903
06/06/2012;13.70000;13.85000;13.56000;13.80000;14637
08/06/2012;13.84000;13.84000;13.55000;13.81000;13265
11/06/2012;14.09000;14.29000;13.71000;13.94000;12790
12/06/2012;14.00000;14.08000;13.66000;13.94000;9127
13/06/2012;13.85000;14.16000;13.77000;13.90000;20170
14/06/2012;13.92000;13.93000;13.65000;13.65000;16283
15/06/2012;13.74000;13.82000;13.52000;13.79000;16022
18/06/2012;13.78000;14.33000;13.69000;14.33000;12500
19/06/2012;14.44000;15.03000;14.41000;14.92000;19273
20/06/2012;14.95000;14.98000;14.61000;14.86000;11895
21/06/2012;14.87000;14.92000;14.64000;14.72000;9394
22/06/2012;14.80000;14.87000;14.48000;14.50000;9047
25/06/2012;14.33000;14.34000;13.72000;13.93000;5996
26/06/2012;13.97000;14.02000;13.57000;13.60000;14700
27/06/2012;13.64000;13.93000;13.42000;13.71000;10092
28/06/2012;13.53000;13.81000;13.51000;13.68000;7558
29/06/2012;14.11000;14.26000;13.92000;14.24000;11632
02/07/2012;14.27000;14.33000;13.95000;14.33000;9047
03/07/2012;14.37000;14.68000;14.33000;14.55000;8162
04/07/2012;14.49000;14.63000;14.33000;14.55000;5655
05/07/2012;14.62000;14.64000;14.40000;14.51000;11248
06/07/2012;14.33000;14.40000;14.09000;14.18000;8927
10/07/2012;14.25000;14.25000;13.67000;13.77000;11254
11/07/2012;13.86000;13.86000;13.51000;13.54000;9990
12/07/2012;13.42000;13.67000;13.13000;13.58000;9185
13/07/2012;13.78000;13.78000;13.27000;13.71000;8787
16/07/2012;13.97000;14.04000;13.33000;13.38000;15101
17/07/2012;13.49000;13.59000;13.19000;13.27000;12185
18/07/2012;13.15000;14.20000;13.15000;14.20000;12485
19/07/2012;14.23000;14.64000;14.23000;14.51000;14543
20/07/2012;14.29000;14.78000;14.26000;14.53000;13597
23/07/2012;14.18000;14.32000;13.89000;14.26000;12452
24/07/2012;14.33000;14.46000;14.21000;14.37000;9378
25/07/2012;14.55000;14.56000;14.00000;14.04000;13021
26/07/2012;14.18000;15.24000;14.18000;15.02000;23218
27/07/2012;15.27000;16.09000;15.15000;15.77000;19299
30/07/2012;15.72000;16.04000;15.55000;16.04000;11399
31/07/2012;16.09000;16.15000;15.74000;15.90000;12983
01/08/2012;15.80000;16.33000;15.43000;16.19000;14038
02/08/2012;16.01000;16.45000;15.99000;16.11000;14694
03/08/2012;16.56000;17.09000;16.42000;16.86000;17851
06/08/2012;16.77000;17.50000;16.63000;17.38000;15955
07/08/2012;17.36000;17.59000;16.77000;17.18000;16773
08/08/2012;17.01000;17.47000;16.80000;17.42000;13871
09/08/2012;17.25000;17.42000;16.95000;17.06000;11604
10/08/2012;16.95000;17.71000;16.85000;17.63000;14969
13/08/2012;17.57000;17.61000;17.06000;17.09000;15283
14/08/2012;17.27000;17.36000;16.36000;16.39000;24975
15/08/2012;16.27000;16.97000;16.04000;16.88000;18408
16/08/2012;17.07000;17.26000;16.73000;17.18000;14150
17/08/2012;17.19000;17.39000;16.98000;17.22000;8853
20/08/2012;17.21000;17.28000;16.94000;17.04000;9368
21/08/2012;17.34000;17.34000;16.83000;16.99000;14607
22/08/2012;17.01000;17.35000;16.90000;17.20000;13126
23/08/2012;17.06000;17.17000;16.73000;16.95000;11160
24/08/2012;16.79000;17.01000;16.49000;16.88000;12171
27/08/2012;16.96000;17.39000;16.66000;17.26000;16168
28/08/2012;17.20000;17.78000;17.20000;17.64000;17314
29/08/2012;17.61000;17.89000;17.30000;17.35000;16850
30/08/2012;17.23000;17.34000;17.02000;17.15000;9306
31/08/2012;17.38000;17.41000;16.89000;17.00000;13079
03/09/2012;17.03000;17.26000;17.02000;17.23000;6891
04/09/2012;17.11000;17.39000;16.97000;17.15000;10668
05/09/2012;17.27000;17.88000;17.06000;17.75000;17687
06/09/2012;17.89000;18.32000;17.82000;18.20000;15079
10/09/2012;18.33000;18.58000;18.30000;18.38000;12735
11/09/2012;18.40000;18.59000;18.15000;18.52000;13233
12/09/2012;18.64000;19.05000;18.64000;18.93000;16574
13/09/2012;19.07000;19.47000;18.96000;19.32000;16329
14/09/2012;19.50000;19.87000;19.10000;19.66000;17016
17/09/2012;19.67000;19.84000;19.40000;19.54000;15564
18/09/2012;19.65000;19.65000;19.06000;19.24000;13943
19/09/2012;19.33000;19.78000;19.25000;19.62000;16001
20/09/2012;19.31000;19.81000;19.31000;19.81000;10000
21/09/2012;19.84000;20.01000;19.67000;19.67000;8299
24/09/2012;19.62000;19.76000;19.40000;19.60000;10786
25/09/2012;19.39000;19.58000;18.70000;18.99000;15318
26/09/2012;18.74000;19.14000;18.55000;19.11000;12646
27/09/2012;19.33000;19.41000;18.95000;19.14000;11528
28/09/2012;17.94000;18.70000;17.82000;18.40000;29134
01/10/2012;18.33000;18.67000;18.19000;18.55000;15672
02/10/2012;18.55000;18.84000;18.21000;18.62000;12508
03/10/2012;18.65000;18.65000;18.06000;18.42000;12707
04/10/2012;18.32000;18.51000;18.06000;18.19000;13391
05/10/2012;18.17000;18.49000;17.31000;17.43000;33123
08/10/2012;17.42000;17.54000;16.67000;16.91000;28908
09/10/2012;16.93000;17.14000;16.71000;16.89000;21933
10/10/2012;16.97000;17.14000;16.58000;16.65000;14493
11/10/2012;16.85000;17.17000;16.74000;17.14000;11477
15/10/2012;17.21000;17.35000;17.08000;17.14000;12436
16/10/2012;17.29000;17.35000;16.86000;16.91000;13541
17/10/2012;17.06000;17.19000;16.88000;17.09000;11717
18/10/2012;17.02000;17.28000;16.91000;16.99000;12037
19/10/2012;16.91000;17.10000;16.80000;16.84000;11881
22/10/2012;16.91000;16.99000;16.71000;16.84000;7354
23/10/2012;16.65000;16.66000;16.32000;16.32000;10884
24/10/2012;16.37000;16.54000;16.16000;16.16000;7817
25/10/2012;16.29000;16.74000;16.26000;16.47000;9876
26/10/2012;16.32000;16.37000;16.16000;16.16000;8239
29/10/2012;16.14000;16.32000;16.03000;16.24000;4271
30/10/2012;16.32000;16.39000;16.25000;16.25000;6566
31/10/2012;16.34000;16.35000;16.08000;16.08000;7924
01/11/2012;16.11000;17.13000;16.11000;17.13000;10086
05/11/2012;16.84000;17.03000;16.59000;16.65000;14921
06/11/2012;16.76000;17.09000;16.62000;17.06000;8080
07/11/2012;16.97000;16.98000;16.59000;16.65000;9698
08/11/2012;16.47000;16.54000;15.89000;15.91000;16274
09/11/2012;15.95000;16.17000;15.51000;15.54000;16876
12/11/2012;15.64000;15.84000;15.41000;15.41000;8422
13/11/2012;15.47000;15.82000;15.21000;15.72000;16333
14/11/2012;15.63000;15.84000;15.53000;15.70000;14845
16/11/2012;15.69000;15.91000;15.51000;15.59000;9544
19/11/2012;15.79000;15.94000;15.61000;15.62000;7918
21/11/2012;15.62000;15.79000;15.43000;15.66000;11286
22/11/2012;15.66000;15.85000;15.59000;15.59000;3540
23/11/2012;15.59000;16.03000;15.48000;16.03000;8482
26/11/2012;16.03000;16.67000;15.89000;16.32000;21101
27/11/2012;16.53000;16.70000;16.29000;16.33000;14623
28/11/2012;16.17000;16.36000;15.98000;16.33000;12921
29/11/2012;16.51000;16.78000;16.38000;16.62000;13064
30/11/2012;16.54000;16.63000;15.96000;16.34000;18426
03/12/2012;16.41000;16.63000;16.21000;16.45000;15424
04/12/2012;16.39000;16.70000;16.39000;16.44000;14810
05/12/2012;16.63000;16.76000;16.44000;16.74000;10461
06/12/2012;16.78000;16.78000;16.45000;16.67000;9015
07/12/2012;16.71000;17.03000;16.65000;17.03000;15964
10/12/2012;16.93000;17.22000;16.88000;17.15000;11246
11/12/2012;17.17000;17.39000;17.04000;17.15000;13974
12/12/2012;17.15000;17.37000;17.15000;17.30000;14444
13/12/2012;17.30000;17.54000;17.05000;17.05000;12142
14/12/2012;17.14000;17.22000;16.72000;16.91000;10977
17/12/2012;16.91000;17.00000;16.82000;16.83000;10493
18/12/2012;16.95000;17.44000;16.89000;17.36000;12484
19/12/2012;17.46000;18.32000;17.39000;18.28000;17352
20/12/2012;18.13000;18.89000;18.07000;18.89000;14910
21/12/2012;18.44000;19.04000;18.29000;19.04000;14767
26/12/2012;18.90000;19.02000;18.45000;18.89000;10873
27/12/2012;18.78000;19.01000;18.59000;18.93000;8244
28/12/2012;18.93000;19.49000;18.82000;19.34000;11994
02/01/2013;19.64000;19.79000;19.24000;19.49000;16451
03/01/2013;19.30000;20.08000;19.26000;19.88000;13218
04/01/2013;19.80000;19.88000;19.55000;19.64000;12497
07/01/2013;19.67000;19.85000;19.51000;19.76000;11994
08/01/2013;19.64000;20.28000;19.64000;19.98000;16498
09/01/2013;20.02000;20.23000;19.99000;20.17000;13557
10/01/2013;20.16000;20.25000;19.63000;19.87000;14220
11/01/2013;19.79000;19.88000;19.43000;19.63000;9443
14/01/2013;19.76000;20.43000;19.73000;20.35000;20892
15/01/2013;20.40000;20.48000;20.05000;20.17000;14390
16/01/2013;19.98000;20.29000;19.95000;20.29000;8453
17/01/2013;20.21000;20.51000;20.12000;20.26000;15642
18/01/2013;19.83000;20.01000;19.34000;19.80000;13613
21/01/2013;19.82000;19.87000;19.38000;19.59000;10638
22/01/2013;19.55000;19.70000;19.27000;19.37000;13283
23/01/2013;19.27000;19.52000;19.09000;19.27000;12763
24/01/2013;19.28000;19.43000;19.00000;19.19000;16164
28/01/2013;19.25000;19.25000;18.28000;18.67000;22963
29/01/2013;18.65000;18.94000;18.44000;18.90000;11740
30/01/2013;18.90000;19.04000;18.49000;18.74000;10537
31/01/2013;18.84000;18.84000;18.16000;18.44000;17462
01/02/2013;18.44000;18.52000;18.17000;18.36000;13779
04/02/2013;18.28000;18.28000;17.88000;18.02000;9611
05/02/2013;18.02000;18.47000;17.96000;18.18000;11784
06/02/2013;18.28000;18.28000;17.72000;18.08000;12999
07/02/2013;18.07000;18.58000;17.82000;17.87000;11586
08/02/2013;17.91000;18.18000;17.85000;18.00000;10036
13/02/2013;18.13000;18.50000;17.88000;18.03000;10345
14/02/2013;17.91000;17.98000;17.76000;17.98000;9670
15/02/2013;17.98000;18.54000;17.87000;18.44000;13957
18/02/2013;18.36000;18.66000;18.13000;18.19000;7305
19/02/2013;18.25000;18.60000;18.24000;18.53000;10501
20/02/2013;18.57000;18.65000;18.17000;18.36000;14676
21/02/2013;19.04000;19.18000;18.66000;19.11000;27636
22/02/2013;19.19000;19.49000;18.98000;19.43000;14216
25/02/2013;19.34000;19.54000;19.09000;19.20000;13825
26/02/2013;19.04000;19.42000;18.89000;19.18000;13390
27/02/2013;19.12000;19.76000;19.09000;19.76000;20756
28/02/2013;19.64000;20.02000;19.62000;19.90000;13599
01/03/2013;19.91000;20.39000;19.81000;20.26000;25193
04/03/2013;20.07000;20.27000;19.88000;20.24000;12996
05/03/2013;20.17000;20.41000;20.11000;20.14000;13990
06/03/2013;20.31000;20.50000;20.14000;20.35000;13068
07/03/2013;20.43000;20.72000;20.20000;20.44000;13115
08/03/2013;20.33000;20.83000;20.27000;20.81000;15378
11/03/2013;20.68000;20.88000;20.59000;20.74000;11211
12/03/2013;20.82000;20.92000;20.38000;20.50000;14614
13/03/2013;20.49000;20.49000;20.09000;20.29000;15691
14/03/2013;20.20000;20.39000;19.98000;20.37000;17328
15/03/2013;20.28000;20.51000;20.09000;20.32000;15691
18/03/2013;20.20000;20.27000;19.97000;20.04000;11829
19/03/2013;20.05000;20.45000;19.93000;20.33000;16464
20/03/2013;20.22000;20.85000;20.21000;20.68000;21839
21/03/2013;20.60000;20.75000;20.32000;20.66000;15544
22/03/2013;20.65000;20.78000;20.35000;20.51000;12714
25/03/2013;20.52000;20.60000;20.32000;20.38000;12982
26/03/2013;20.35000;20.80000;20.33000;20.55000;13284
27/03/2013;20.43000;20.89000;20.42000;20.74000;12924
28/03/2013;20.81000;21.19000;20.70000;21.16000;17231
01/04/2013;21.01000;21.50000;21.01000;21.30000;11710
02/04/2013;21.47000;21.51000;21.16000;21.32000;14861
03/04/2013;21.19000;21.25000;20.72000;20.86000;22612
04/04/2013;20.89000;20.89000;20.22000;20.38000;18540
05/04/2013;20.19000;20.68000;20.08000;20.49000;17008
08/04/2013;20.62000;21.01000;20.53000;20.83000;14795
09/04/2013;20.79000;21.39000;20.79000;21.27000;19449
10/04/2013;21.25000;21.93000;21.25000;21.73000;21116
11/04/2013;21.70000;21.89000;21.43000;21.83000;15832
12/04/2013;21.70000;22.03000;21.60000;21.86000;23943
15/04/2013;21.36000;21.66000;21.29000;21.47000;14547
16/04/2013;21.56000;21.97000;21.38000;21.70000;15999
17/04/2013;21.59000;21.80000;21.25000;21.28000;20335
18/04/2013;21.36000;21.43000;20.69000;20.69000;14964
19/04/2013;20.55000;20.79000;20.26000;20.51000;15774
22/04/2013;20.52000;20.79000;20.32000;20.48000;14366
23/04/2013;20.51000;20.74000;20.51000;20.65000;14923
24/04/2013;20.46000;20.47000;20.05000;20.20000;22876
25/04/2013;20.35000;20.42000;19.78000;19.85000;18896
26/04/2013;19.88000;20.01000;19.33000;19.42000;20866
29/04/2013;19.52000;19.58000;19.00000;19.25000;25916
30/04/2013;19.27000;19.61000;19.21000;19.37000;21456
02/05/2013;19.41000;19.81000;19.09000;19.24000;18024
03/05/2013;19.40000;19.56000;18.97000;19.11000;18109
06/05/2013;19.12000;19.12000;18.74000;18.79000;14963
07/05/2013;19.03000;19.59000;18.88000;19.59000;16922
08/05/2013;19.54000;19.84000;19.42000;19.63000;15902
09/05/2013;19.58000;19.73000;19.27000;19.49000;12463
10/05/2013;19.43000;19.68000;19.33000;19.60000;10064
13/05/2013;19.51000;19.56000;19.29000;19.37000;11115
14/05/2013;19.38000;19.54000;19.09000;19.48000;10251
15/05/2013;19.20000;19.47000;18.84000;19.03000;18774
16/05/2013;19.16000;19.52000;19.04000;19.41000;12588
17/05/2013;19.55000;20.15000;19.53000;19.98000;16150
20/05/2013;20.08000;20.49000;20.07000;20.49000;12876
21/05/2013;20.43000;20.62000;20.19000;20.32000;11642
22/05/2013;20.34000;20.87000;20.15000;20.65000;12804
23/05/2013;20.31000;20.79000;20.21000;20.62000;13282
24/05/2013;20.54000;20.85000;20.48000;20.65000;11079
27/05/2013;20.62000;20.79000;20.62000;20.75000;2928
28/05/2013;20.89000;21.06000;20.68000;20.73000;10979
29/05/2013;20.52000;20.69000;20.02000;20.02000;9597
31/05/2013;20.02000;20.30000;19.27000;19.66000;22788
03/06/2013;19.66000;19.94000;19.19000;19.76000;21561
04/06/2013;19.90000;19.93000;19.23000;19.38000;21401
05/06/2013;19.35000;19.42000;18.80000;18.92000;16324
06/06/2013;18.96000;19.05000;18.58000;18.85000;12516
07/06/2013;18.57000;18.85000;18.19000;18.34000;18323
10/06/2013;18.25000;18.77000;18.22000;18.53000;12031
11/06/2013;18.30000;18.46000;18.00000;18.07000;13081
12/06/2013;18.37000;18.37000;17.32000;17.50000;21428
13/06/2013;17.59000;18.08000;17.54000;17.87000;15743
14/06/2013;18.20000;18.44000;17.93000;17.96000;17128
17/06/2013;18.02000;18.45000;18.01000;18.01000;11866
18/06/2013;18.02000;18.06000;17.50000;17.71000;19872
19/06/2013;17.83000;17.94000;17.13000;17.15000;16088
20/06/2013;16.91000;16.94000;16.10000;16.57000;33543
21/06/2013;16.60000;16.75000;15.77000;16.55000;28489
24/06/2013;16.06000;16.96000;15.99000;16.51000;22239
25/06/2013;16.69000;16.88000;16.54000;16.65000;17021
26/06/2013;16.70000;16.87000;16.60000;16.69000;11284
27/06/2013;16.77000;17.13000;16.71000;16.86000;12675
28/06/2013;16.85000;17.61000;16.60000;17.34000;19063
01/07/2013;17.22000;17.49000;16.93000;17.36000;21270
02/07/2013;17.22000;17.22000;16.06000;16.38000;25218
03/07/2013;16.23000;16.35000;15.83000;15.91000;17600
04/07/2013;16.13000;16.30000;15.99000;16.15000;11925
05/07/2013;16.09000;16.27000;15.69000;16.02000;14220
08/07/2013;15.96000;16.26000;15.73000;15.99000;12035
10/07/2013;16.06000;16.30000;15.99000;16.09000;11382
11/07/2013;16.22000;16.67000;16.17000;16.57000;10348
12/07/2013;16.49000;16.63000;16.17000;16.45000;8751
15/07/2013;16.45000;16.95000;16.35000;16.92000;12720
16/07/2013;17.16000;17.43000;16.96000;17.40000;13868
17/07/2013;17.41000;17.71000;17.32000;17.55000;11567
18/07/2013;17.47000;17.92000;17.42000;17.70000;8324
19/07/2013;17.52000;17.67000;17.36000;17.47000;6685
22/07/2013;17.52000;18.06000;17.43000;17.83000;10214
23/07/2013;17.99000;18.17000;17.93000;18.05000;8581
24/07/2013;17.94000;18.10000;17.65000;17.91000;9442
25/07/2013;17.79000;17.99000;17.69000;17.70000;10737
26/07/2013;17.73000;17.83000;17.50000;17.62000;9381
29/07/2013;17.56000;17.88000;17.48000;17.78000;10685
30/07/2013;17.79000;18.14000;17.79000;17.98000;11474
31/07/2013;17.92000;18.05000;17.71000;17.76000;10579
01/08/2013;17.97000;18.14000;17.85000;18.14000;10443
02/08/2013;18.12000;18.30000;17.87000;17.87000;7252
05/08/2013;18.02000;18.09000;17.40000;17.40000;8645
06/08/2013;17.50000;17.50000;16.73000;16.78000;18248
07/08/2013;16.77000;16.94000;16.64000;16.71000;13407
08/08/2013;16.85000;17.47000;16.81000;17.32000;17389
09/08/2013;17.40000;17.71000;17.30000;17.71000;13899
12/08/2013;17.76000;18.37000;17.75000;17.98000;21598
13/08/2013;18.37000;18.41000;17.89000;18.29000;21359
14/08/2013;18.18000;18.49000;18.16000;18.39000;27872
15/08/2013;18.24000;18.46000;17.97000;18.18000;17130
16/08/2013;18.18000;18.34000;17.99000;18.14000;14937
19/08/2013;18.06000;18.18000;17.65000;17.65000;18814
20/08/2013;17.63000;17.92000;17.47000;17.47000;13022
21/08/2013;17.49000;17.69000;17.10000;17.22000;16623
22/08/2013;17.52000;17.85000;17.45000;17.81000;16281
23/08/2013;17.86000;18.08000;17.61000;18.05000;13210
26/08/2013;18.00000;18.05000;17.69000;17.69000;7830
27/08/2013;17.53000;17.69000;17.45000;17.69000;12192
28/08/2013;17.77000;18.05000;17.55000;17.93000;13475
29/08/2013;18.05000;18.58000;17.97000;18.33000;14308
30/08/2013;18.42000;18.70000;18.16000;18.66000;14016
02/09/2013;18.80000;19.17000;18.80000;18.87000;10910
03/09/2013;18.98000;19.11000;18.58000;18.69000;15287
04/09/2013;18.66000;18.88000;18.49000;18.83000;10100
05/09/2013;18.89000;19.13000;18.72000;19.12000;8227
06/09/2013;19.19000;19.52000;19.08000;19.27000;17324
09/09/2013;19.33000;19.75000;19.33000;19.67000;15990
10/09/2013;19.72000;20.20000;19.72000;20.00000;17530
11/09/2013;20.00000;20.08000;19.80000;19.89000;11738
12/09/2013;20.11000;20.12000;19.41000;19.55000;14270
13/09/2013;19.51000;19.83000;19.15000;19.73000;13708
16/09/2013;19.93000;20.04000;19.65000;19.85000;14575
17/09/2013;19.86000;20.17000;19.60000;20.17000;13912
18/09/2013;20.13000;21.03000;20.06000;20.84000;19764
19/09/2013;20.75000;21.10000;20.64000;21.05000;13832
20/09/2013;20.95000;21.05000;20.69000;20.97000;18724
23/09/2013;21.03000;21.75000;21.01000;21.57000;19211
24/09/2013;21.57000;21.66000;21.24000;21.33000;15908
25/09/2013;21.24000;21.35000;20.92000;21.17000;13190
26/09/2013;21.25000;21.35000;20.97000;21.13000;9165
27/09/2013;21.20000;21.95000;21.13000;21.73000;16584
30/09/2013;21.48000;21.59000;21.06000;21.25000;17188
01/10/2013;21.46000;21.48000;21.01000;21.45000;9022
02/10/2013;21.32000;21.55000;21.25000;21.49000;8889
03/10/2013;21.41000;21.50000;21.19000;21.50000;8299
04/10/2013;21.44000;21.91000;21.34000;21.56000;14060
07/10/2013;21.60000;21.64000;21.36000;21.64000;11343
08/10/2013;21.69000;21.73000;21.29000;21.40000;13983
09/10/2013;21.49000;21.94000;21.41000;21.77000;16861
10/10/2013;21.81000;22.08000;21.69000;22.03000;10403
11/10/2013;21.96000;22.10000;21.83000;21.94000;12489
14/10/2013;21.79000;22.28000;21.77000;22.25000;9896
15/10/2013;22.20000;22.40000;22.00000;22.24000;14011
16/10/2013;22.31000;22.85000;22.25000;22.73000;20415
17/10/2013;22.70000;22.93000;22.45000;22.84000;13439
18/10/2013;22.77000;23.34000;22.77000;23.31000;12548
21/10/2013;23.23000;23.35000;23.00000;23.10000;12868
22/10/2013;23.05000;23.14000;22.80000;23.14000;14679
23/10/2013;23.05000;23.26000;23.00000;23.02000;12155
24/10/2013;23.03000;23.45000;23.00000;23.30000;16011
25/10/2013;23.31000;23.90000;23.24000;23.57000;15146
28/10/2013;23.71000;23.80000;23.37000;23.48000;7903
29/10/2013;23.51000;23.74000;23.45000;23.56000;9884
30/10/2013;23.60000;24.08000;23.58000;24.06000;12014
31/10/2013;23.83000;24.46000;23.78000;24.46000;12156
01/11/2013;24.54000;24.58000;24.13000;24.42000;14987
04/11/2013;24.34000;24.58000;24.18000;24.57000;7895
